date,cat,count,text
2015-01-06,economic,681599.64,Some text
2015-01-12,economic,2065424.36,Some text
2015-01-13,economic,689882.39,Some text
2015-01-23,economic,689835.22,Some text
2015-01-27,economic,689788.06,Some text
2015-01-28,economic,689740.90,Some text
2015-01-29,economic,2792124.25,Some text
2015-01-31,economic,723135.05,Some text
2015-02-03,economic,723085.59,Some text
2015-02-04,economic,1446022.80,Some text
2015-02-05,economic,1445824.95,Some text
2015-02-06,economic,741155.29,Some text
2015-02-09,economic,2232639.91,Some text
2015-02-16,economic,2251136.26,Some text
2015-02-18,economic,2250673.99,Some text
2015-02-19,economic,750121.93,Some text
2015-02-24,economic,750070.57,Some text
2015-02-27,economic,750019.21,Some text
2015-03-02,economic,749967.84,Some text
2015-03-03,economic,749916.48,Some text
2015-03-05,economic,752238.93,Some text
2015-03-09,economic,1504323.29,Some text
2015-03-10,economic,1504117.18,Some text
2015-03-11,economic,1521040.05,Some text
2015-03-12,economic,1537959.40,Some text
2015-03-13,economic,869867.12,Some text
2015-03-16,economic,892472.83,Some text
2015-03-17,economic,922377.35,Some text
2015-03-18,economic,922314.12,Some text
2015-03-19,economic,922250.89,Some text
2015-03-20,economic,922187.66,Some text
2015-03-23,economic,939415.76,Some text
2015-03-25,economic,1007127.17,Some text
2015-03-26,economic,2049071.74,Some text
2015-03-27,economic,2109027.84,Some text
2015-04-02,economic,1070577.46,Some text
2015-04-06,economic,1070504.02,Some text
2015-04-07,economic,1101460.16,Some text
2015-04-15,economic,1101384.59,Some text
2015-04-16,economic,1101309.03,Some text
2015-04-17,economic,1101233.46,Some text
2015-04-22,economic,4404178.16,Some text
2015-04-27,economic,2201635.68,Some text
2015-04-28,economic,1131681.91,Some text
2015-04-30,economic,2263130.75,Some text
2015-05-01,economic,1153809.35,Some text
2015-05-04,economic,1153730.12,Some text
2015-05-05,economic,1153650.89,Some text
2015-05-06,economic,2307064.10,Some text
2015-05-07,economic,5769202.50,Some text
2015-05-08,economic,2307907.06,Some text
2015-05-13,economic,1153834.59,Some text
2015-05-19,economic,2320872.72,Some text
2015-05-20,economic,1167037.21,Some text
2015-05-21,economic,2333833.76,Some text
2015-05-22,economic,2333512.88,Some text
2015-05-26,economic,1166636.11,Some text
2015-05-27,economic,1166555.89,Some text
2015-05-28,economic,1166475.67,Some text
2015-05-29,economic,1166395.45,Some text
2015-06-03,economic,2332550.24,Some text
2015-06-04,economic,2332229.36,Some text
2015-06-05,economic,2352045.36,Some text
2015-06-10,economic,2391351.35,Some text
2015-06-11,economic,1224226.85,Some text
2015-06-12,economic,2451780.39,Some text
2015-06-16,economic,12271730.71,Some text
2015-06-17,economic,1235068.98,Some text
2015-06-18,economic,1234983.91,Some text
2015-06-19,economic,1243995.93,Some text
2015-06-22,economic,1243910.23,Some text
2015-06-23,economic,1243824.53,Some text
2015-06-24,economic,2516519.20,Some text
2015-06-25,economic,1272692.66,Some text
2015-06-26,economic,1272604.96,Some text
2015-06-28,economic,1272517.25,Some text
2015-06-29,economic,3825870.64,Some text
2015-06-30,economic,5135304.53,Some text
2015-07-01,economic,2573016.07,Some text
2015-07-02,economic,2572661.19,Some text
2015-07-03,economic,1286197.51,Some text
2015-07-06,economic,2602070.02,Some text
2015-07-07,economic,2601711.00,Some text
2015-07-10,economic,1300720.87,Some text
2015-07-13,economic,3950290.54,Some text
2015-07-14,economic,1324692.56,Some text
2015-07-15,economic,1324601.13,Some text
2015-07-17,economic,1324509.70,Some text
2015-07-20,economic,2648745.09,Some text
2015-07-21,economic,1324235.39,Some text
2015-07-22,economic,1324143.96,Some text
2015-07-23,economic,1324052.53,Some text
2015-07-25,economic,1333771.39,Some text
2015-07-27,economic,1338584.09,Some text
2015-07-28,economic,1338491.64,Some text
2015-08-03,economic,4014920.22,Some text
2015-08-05,economic,1338121.84,Some text
2015-08-06,economic,4013810.82,Some text
2015-08-10,economic,2675411.63,Some text
2015-08-11,economic,1337567.14,Some text
2015-08-12,economic,1337474.69,Some text
2015-08-14,economic,1362080.29,Some text
2015-08-18,economic,2754094.40,Some text
2015-08-20,economic,1378892.50,Some text
2015-08-24,economic,4137868.89,Some text
2015-08-25,economic,1381229.56,Some text
2015-08-26,economic,2762172.53,Some text
2015-08-27,economic,1380942.97,Some text
2015-08-28,economic,2761599.37,Some text
2015-08-29,economic,1380656.39,Some text
2015-08-31,economic,1380560.87,Some text
2015-09-01,economic,2774493.61,Some text
2015-09-03,economic,2774109.61,Some text
2015-09-04,economic,2796481.79,Some text
2015-09-07,economic,4193996.77,Some text
2015-09-08,economic,2795513.91,Some text
2015-09-10,economic,2854483.93,Some text
2015-09-14,economic,1431825.83,Some text
2015-09-15,economic,2876555.59,Some text
2015-09-16,economic,4333886.27,Some text
2015-09-18,economic,1444428.59,Some text
2015-09-22,economic,2888556.92,Some text
2015-09-24,economic,1448864.68,Some text
2015-09-25,economic,1448764.27,Some text
2015-09-28,economic,5794052.94,Some text
2015-09-30,economic,1448262.20,Some text
2015-10-01,economic,1448161.79,Some text
2015-10-02,economic,1466014.35,Some text
2015-10-06,economic,4397433.09,Some text
2015-10-07,economic,1480148.08,Some text
2015-10-08,economic,2959988.16,Some text
2015-10-10,economic,1479840.08,Some text
2015-10-12,economic,6251002.79,Some text
2015-10-13,economic,4689456.42,Some text
2015-10-14,economic,3125761.82,Some text
2015-10-16,economic,1562718.17,Some text
2015-10-20,economic,3169313.66,Some text
2015-10-21,economic,3168873.56,Some text
2015-10-22,economic,1616247.57,Some text
2015-10-23,economic,3310193.62,Some text
2015-10-26,economic,1654924.38,Some text
2015-10-27,economic,1654809.42,Some text
2015-10-30,economic,3309273.97,Some text
2015-11-01,economic,1654464.55,Some text
2015-11-02,economic,3357332.53,Some text
2015-11-03,economic,1678491.29,Some text
2015-11-04,economic,3374123.93,Some text
2015-11-05,economic,1715904.10,Some text
2015-11-06,economic,5246800.63,Some text
2015-11-09,economic,3570539.79,Some text
2015-11-10,economic,1817475.45,Some text
2015-11-11,economic,5451668.01,Some text
2015-11-12,economic,1816969.89,Some text
2015-11-16,economic,3749355.20,Some text
2015-11-17,economic,1874481.97,Some text
2015-11-18,economic,1874351.56,Some text
2015-11-19,economic,3813907.98,Some text
2015-11-20,economic,1920080.32,Some text
2015-11-25,economic,1930946.58,Some text
2015-11-27,economic,1930812.19,Some text
2015-11-30,economic,1930677.80,Some text
2015-12-01,economic,1930543.41,Some text
2015-12-03,economic,5822936.26,Some text
2015-12-08,economic,1940708.48,Some text
2015-12-11,economic,1940573.34,Some text
2015-12-14,economic,3884298.19,Some text
2015-12-17,economic,1943724.60,Some text
2015-12-18,economic,1943589.21,Some text
2015-12-21,economic,1943453.82,Some text
2015-12-22,economic,3886501.49,Some text
2016-01-03,economic,1952345.84,Some text
2016-01-04,economic,7812883.46,Some text
2016-01-07,economic,3912915.17,Some text
2016-01-08,economic,1963462.63,Some text
2016-01-13,economic,1963325.76,Some text
2016-01-14,economic,1963188.88,Some text
2016-01-20,economic,1972768.81,Some text
2016-01-22,economic,1972631.26,Some text
2016-01-27,economic,5919836.98,Some text
2016-01-29,economic,1984077.12,Some text
2016-02-01,economic,1983938.73,Some text
2016-02-02,economic,3967462.30,Some text
2016-02-04,economic,3966908.74,Some text
2016-02-06,economic,1983246.79,Some text
2016-02-08,economic,1983108.40,Some text
2016-02-10,economic,1982970.01,Some text
2016-02-11,economic,1982831.62,Some text
2016-02-15,economic,1982693.23,Some text
2016-02-16,economic,4038395.42,Some text
2016-02-17,economic,4047221.26,Some text
2016-02-18,economic,2023398.71,Some text
2016-02-22,economic,8379308.05,Some text
2016-02-23,economic,2094461.28,Some text
2016-02-24,economic,4200631.08,Some text
2016-02-26,economic,4212190.74,Some text
2016-02-29,economic,2105874.66,Some text
2016-03-01,economic,12646697.14,Some text
2016-03-03,economic,4224079.31,Some text
2016-03-04,economic,2111818.18,Some text
2016-03-08,economic,2139673.77,Some text
2016-03-15,economic,6418123.68,Some text
2016-03-16,economic,6649248.76,Some text
2016-03-17,economic,4432057.37,Some text
2016-03-22,economic,2215796.15,Some text
2016-03-23,economic,2222575.06,Some text
2016-03-24,economic,4444683.59,Some text
2016-03-28,economic,2222108.53,Some text
2016-03-31,economic,2221953.02,Some text
2016-04-01,economic,2221797.51,Some text
2016-04-05,economic,9090103.58,Some text
2016-04-11,economic,6999613.29,Some text
2016-04-12,economic,2338655.54,Some text
2016-04-15,economic,4907334.10,Some text
2016-04-18,economic,7381800.09,Some text
2016-04-20,economic,2468329.78,Some text
2016-04-21,economic,4944360.88,Some text
2016-04-22,economic,2476030.52,Some text
2016-04-27,economic,2475857.01,Some text
2016-04-29,economic,12415944.20,Some text
2016-05-03,economic,7483714.60,Some text
2016-05-06,economic,4988268.51,Some text
2016-05-09,economic,7566544.78,Some text
2016-05-10,economic,5481895.52,Some text
2016-05-11,economic,5510603.29,Some text
2016-05-12,economic,2755011.66,Some text
2016-05-13,economic,2798405.67,Some text
2016-05-16,economic,11478363.20,Some text
2016-05-17,economic,2900443.50,Some text
2016-05-18,economic,8700108.84,Some text
2016-05-19,economic,5799054.50,Some text
2016-05-20,economic,5798240.06,Some text
2016-05-23,economic,5845650.54,Some text
2016-05-24,economic,2946628.93,Some text
2016-05-25,economic,8866174.39,Some text
2016-05-26,economic,11884344.74,Some text
2016-05-27,economic,2970564.19,Some text
2016-05-30,economic,11963565.14,Some text
2016-05-31,economic,12016117.63,Some text
2016-06-01,economic,3003501.29,Some text
2016-06-02,economic,3003290.05,Some text
2016-06-08,economic,12181009.28,Some text
2016-06-09,economic,3061850.52,Some text
2016-06-10,economic,3061635.07,Some text
2016-06-14,economic,3061419.63,Some text
2016-06-15,economic,3086396.38,Some text
2016-06-16,economic,9272785.36,Some text
2016-06-17,economic,9329578.25,Some text
2016-06-20,economic,6287500.33,Some text
2016-06-21,economic,3165641.69,Some text
2016-06-22,economic,3185567.90,Some text
2016-06-23,economic,6428174.13,Some text
2016-06-30,economic,3351693.04,Some text
2016-07-01,economic,6709709.86,Some text
2016-07-04,economic,6715796.06,Some text
2016-07-05,economic,6714849.67,Some text
2016-07-06,economic,6734854.87,Some text
2016-07-08,economic,3370563.16,Some text
2016-07-11,economic,6740413.57,Some text
2016-07-12,economic,3369850.41,Some text
2016-07-14,economic,3369612.83,Some text
2016-07-18,economic,3369375.25,Some text
2016-07-20,economic,3369137.67,Some text
2016-07-22,economic,3368900.09,Some text
2016-07-25,economic,3368662.51,Some text
2016-07-26,economic,3384274.32,Some text
2016-07-27,economic,3403197.62,Some text
2016-07-28,economic,13753275.60,Some text
2016-07-29,economic,3462424.76,Some text
2016-08-01,economic,7078992.84,Some text
2016-08-02,economic,7099708.01,Some text
2016-08-04,economic,3549478.19,Some text
2016-08-05,economic,7132611.64,Some text
2016-08-08,economic,10753640.88,Some text
2016-08-09,economic,10779665.86,Some text
2016-08-10,economic,7185175.11,Some text
2016-08-12,economic,7336317.26,Some text
2016-08-16,economic,3682154.59,Some text
2016-08-17,economic,11149892.29,Some text
2016-08-18,economic,11147528.69,Some text
2016-08-26,economic,7490465.78,Some text
2016-08-29,economic,7511160.97,Some text
2016-09-01,economic,3755182.21,Some text
2016-09-09,economic,7521448.27,Some text
2016-09-12,economic,3779769.47,Some text
2016-09-14,economic,3801494.25,Some text
2016-09-15,economic,3823117.25,Some text
2016-09-16,economic,7674399.12,Some text
2016-09-19,economic,3845432.92,Some text
2016-09-20,economic,19294107.05,Some text
2016-09-21,economic,3895493.99,Some text
2016-09-22,economic,3895218.28,Some text
2016-09-23,economic,3894942.57,Some text
2016-09-27,economic,3894666.87,Some text
2016-09-30,economic,11738562.51,Some text
2016-10-04,economic,11778525.40,Some text
2016-10-05,economic,8085464.92,Some text
2016-10-07,economic,4042302.95,Some text
2016-10-10,economic,4042016.60,Some text
2016-10-12,economic,4041730.26,Some text
2016-10-13,economic,4138303.50,Some text
2016-10-14,economic,4152185.44,Some text
2016-10-17,economic,8339793.62,Some text
2016-10-18,economic,4226834.33,Some text
2016-10-21,economic,4226534.77,Some text
2016-10-24,economic,13195055.74,Some text
2016-10-25,economic,4417697.75,Some text
2016-10-28,economic,4417384.55,Some text
2016-10-31,economic,8836098.63,Some text
2016-11-01,economic,4418713.91,Some text
2016-11-03,economic,8836487.74,Some text
2016-11-04,economic,17697864.53,Some text
2016-11-05,economic,4438667.82,Some text
2016-11-07,economic,8876390.85,Some text
2016-11-08,economic,4437723.02,Some text
2016-11-09,economic,4459474.79,Some text
2016-11-11,economic,8918000.07,Some text
2016-11-14,economic,4458525.29,Some text
2016-11-15,economic,4465671.70,Some text
2016-11-18,economic,8930392.31,Some text
2016-11-24,economic,4464720.61,Some text
2016-11-25,economic,4464403.58,Some text
2016-11-28,economic,8927856.07,Some text
2016-11-29,economic,4463452.49,Some text
2016-11-30,economic,4463135.46,Some text
2016-12-01,economic,4469570.82,Some text
2016-12-05,economic,4469253.31,Some text
2016-12-06,economic,4468935.80,Some text
2016-12-07,economic,4468618.29,Some text
2016-12-08,economic,4492137.16,Some text
2016-12-09,economic,13703684.06,Some text
2016-12-12,economic,4725527.43,Some text
2016-12-13,economic,4725191.55,Some text
2016-12-16,economic,4784805.30,Some text
2016-12-19,economic,9679085.78,Some text
2016-12-20,economic,9754149.01,Some text
2016-12-21,economic,14705446.00,Some text
2016-12-23,economic,4913273.83,Some text
2017-01-04,economic,4912924.35,Some text
2017-01-09,economic,9824800.28,Some text
2017-01-10,economic,4911875.92,Some text
2017-01-13,economic,4922890.15,Some text
2017-01-16,economic,4922539.86,Some text
2017-01-18,economic,4926169.10,Some text
2017-01-19,economic,9860258.33,Some text
2017-01-23,economic,9874623.30,Some text
2017-01-25,economic,4936784.48,Some text
2017-01-30,economic,9872514.62,Some text
2017-01-31,economic,9871108.83,Some text
2017-02-01,economic,14850970.88,Some text
2017-02-02,economic,9938547.74,Some text
2017-02-03,economic,4976762.83,Some text
2017-02-06,economic,9952462.02,Some text
2017-02-08,economic,4975699.19,Some text
2017-02-09,economic,4975344.65,Some text
2017-02-10,economic,4978531.37,Some text
2017-02-13,economic,4981028.40,Some text
2017-02-14,economic,5000160.46,Some text
2017-02-15,economic,15043489.07,Some text
2017-02-16,economic,20243558.64,Some text
2017-02-22,economic,5078518.29,Some text
2017-02-24,economic,5078156.11,Some text
2017-03-01,economic,10155225.68,Some text
2017-03-03,economic,10154239.97,Some text
2017-03-06,economic,10153254.17,Some text
2017-03-07,economic,5076083.76,Some text
2017-03-08,economic,5084258.94,Some text
2017-03-09,economic,10178677.13,Some text
2017-03-10,economic,5129210.78,Some text
2017-03-13,economic,5128844.67,Some text
2017-03-15,economic,5163970.24,Some text
2017-03-16,economic,10326834.55,Some text
2017-03-17,economic,10412264.48,Some text
2017-03-20,economic,5205574.62,Some text
2017-03-21,economic,5205202.87,Some text
2017-03-22,economic,5445755.94,Some text
2017-03-23,economic,5459824.20,Some text
2017-03-24,economic,5473186.62,Some text
2017-03-27,economic,10968671.75,Some text
2017-03-28,economic,5485082.14,Some text
2017-03-30,economic,11064185.68,Some text
2017-03-31,economic,5579096.75,Some text
2017-04-03,economic,11201430.17,Some text
2017-04-04,economic,11287550.25,Some text
2017-04-05,economic,5643169.98,Some text
2017-04-06,economic,11331428.42,Some text
2017-04-07,economic,11346610.72,Some text
2017-04-10,economic,11354461.56,Some text
2017-04-12,economic,5676621.74,Some text
2017-04-13,economic,22734848.45,Some text
2017-04-18,economic,11413613.69,Some text
2017-04-19,economic,5707717.65,Some text
2017-04-21,economic,22842356.09,Some text
2017-04-25,economic,5721244.29,Some text
2017-04-26,economic,17181318.02,Some text
2017-04-27,economic,5769119.33,Some text
2017-04-28,economic,11742781.15,Some text
2017-05-01,economic,5907426.90,Some text
2017-05-02,economic,5907003.79,Some text
2017-05-03,economic,23625911.67,Some text
2017-05-04,economic,5933427.31,Some text
2017-05-08,economic,11865579.16,Some text
2017-05-09,economic,17849531.21,Some text
2017-05-11,economic,18039239.69,Some text
2017-05-12,economic,18222420.04,Some text
2017-05-15,economic,24684445.02,Some text
2017-05-17,economic,6189465.99,Some text
2017-05-18,economic,12395167.87,Some text
2017-05-22,economic,6222299.91,Some text
2017-05-23,economic,18796808.88,Some text
2017-05-24,economic,6274356.01,Some text
2017-05-25,economic,12594290.20,Some text
2017-05-26,economic,12592482.17,Some text
2017-05-29,economic,6319153.86,Some text
2017-05-31,economic,19149276.49,Some text
2017-06-02,economic,6392906.94,Some text
2017-06-05,economic,6407393.34,Some text
2017-06-06,economic,12813406.08,Some text
2017-06-07,economic,19226983.32,Some text
2017-06-08,economic,19233857.94,Some text
2017-06-13,economic,12834674.87,Some text
2017-06-14,economic,12832829.94,Some text
2017-06-15,economic,12841285.78,Some text
2017-06-20,economic,6437293.51,Some text
2017-06-21,economic,6436830.66,Some text
2017-06-23,economic,12893413.66,Some text
2017-06-26,economic,58549092.99,Some text
2017-06-27,economic,6545180.70,Some text
2017-06-28,economic,26239151.19,Some text
2017-06-29,economic,13140481.23,Some text
2017-06-30,economic,6576644.49,Some text
2017-07-03,economic,6590283.75,Some text
2017-07-05,economic,6606240.44,Some text
2017-07-06,economic,19815866.81,Some text
2017-07-09,economic,6604337.44,Some text
2017-07-10,economic,13215641.77,Some text
2017-07-12,economic,6607106.81,Some text
2017-07-13,economic,26449133.85,Some text
2017-07-14,economic,6622393.35,Some text
2017-07-17,economic,6659488.73,Some text
2017-07-18,economic,6686114.46,Some text
2017-07-19,economic,20118653.54,Some text
2017-07-20,economic,33758589.18,Some text
2017-07-21,economic,13588091.25,Some text
2017-07-24,economic,6826858.21,Some text
2017-07-25,economic,6826365.69,Some text
2017-07-26,economic,13651253.81,Some text
2017-07-31,economic,6824888.12,Some text
2017-08-03,economic,6824395.60,Some text
2017-08-04,economic,6823903.08,Some text
2017-08-07,economic,6823410.55,Some text
2017-08-08,economic,20596299.65,Some text
2017-08-11,economic,13825172.02,Some text
2017-08-14,economic,6930601.56,Some text
2017-08-17,economic,6930101.08,Some text
2017-08-18,economic,13858700.73,Some text
2017-08-20,economic,6928599.65,Some text
2017-08-22,economic,13855697.87,Some text
2017-08-23,economic,20780566.75,Some text
2017-08-24,economic,6926370.25,Some text
2017-08-28,economic,21206735.37,Some text
2017-08-29,economic,7128152.66,Some text
2017-08-30,economic,35855436.81,Some text
2017-08-31,economic,7226649.34,Some text
2017-09-04,economic,14465255.71,Some text
2017-09-05,economic,7231843.21,Some text
2017-09-06,economic,14462117.12,Some text
2017-09-07,economic,7230273.91,Some text
2017-09-08,economic,21723707.46,Some text
2017-09-11,economic,14514326.52,Some text
2017-09-13,economic,7256375.44,Some text
2017-09-14,economic,7268164.02,Some text
2017-09-15,economic,7278020.88,Some text
2017-09-18,economic,14554461.18,Some text
2017-09-19,economic,7276440.30,Some text
2017-09-25,economic,14723232.37,Some text
2017-09-26,economic,7446779.62,Some text
2017-10-02,economic,7446240.31,Some text
2017-10-03,economic,7445701.00,Some text
2017-10-04,economic,7454210.70,Some text
2017-10-05,economic,7453670.73,Some text
2017-10-09,economic,7453130.77,Some text
2017-10-11,economic,14904641.65,Some text
2017-10-12,economic,14925077.27,Some text
2017-10-13,economic,14984656.47,Some text
2017-10-16,economic,22640865.95,Some text
2017-10-17,economic,7570347.63,Some text
2017-10-18,economic,15153010.44,Some text
2017-10-20,economic,15244559.01,Some text
2017-10-23,economic,38134356.87,Some text
2017-10-24,economic,15263170.56,Some text
2017-10-27,economic,7636284.12,Some text
2017-10-30,economic,15270905.89,Some text
2017-10-31,economic,15307732.80,Some text
2017-11-01,economic,15323500.37,Some text
2017-11-02,economic,7662910.69,Some text
2017-11-03,economic,15351796.29,Some text
2017-11-07,economic,7675062.14,Some text
2017-11-08,economic,15360678.80,Some text
2017-11-10,economic,15438463.32,Some text
2017-11-14,economic,15478449.57,Some text
2017-11-15,economic,23276794.29,Some text
2017-11-16,economic,15592603.15,Some text
2017-11-17,economic,15600921.78,Some text
2017-11-21,economic,23459869.01,Some text
2017-11-22,economic,7880335.75,Some text
2017-11-23,economic,7879762.80,Some text
2017-11-24,economic,15791433.35,Some text
2017-11-28,economic,7911668.11,Some text
2017-11-29,economic,15852907.43,Some text
2017-11-30,economic,15850601.30,Some text
2017-12-01,economic,7924435.85,Some text
2017-12-04,economic,15995790.91,Some text
2017-12-05,economic,16058973.08,Some text
2017-12-08,economic,16122140.96,Some text
2017-12-09,economic,8060190.42,Some text
2017-12-13,economic,16144002.27,Some text
2017-12-14,economic,16141651.74,Some text
2017-12-15,economic,8104853.78,Some text
2017-12-18,economic,8109479.16,Some text
2017-12-19,economic,8123540.59,Some text
2017-12-20,economic,16349355.77,Some text
2017-12-21,economic,16394790.55,Some text
2018-01-09,economic,8199951.97,Some text
2018-01-10,economic,16398111.73,Some text
2018-01-17,economic,8198159.76,Some text
2018-01-18,economic,8206661.76,Some text
2018-01-19,economic,8206063.70,Some text
2018-01-21,economic,8205465.63,Some text
2018-01-22,economic,8228081.12,Some text
2018-01-24,economic,41295992.61,Some text
2018-01-25,economic,24802929.69,Some text
2018-01-29,economic,16532271.71,Some text
2018-01-31,economic,16540060.67,Some text
2018-02-05,economic,8269125.35,Some text
2018-02-06,economic,16536440.74,Some text
2018-02-07,economic,8267315.39,Some text
2018-02-08,economic,8274388.11,Some text
2018-02-12,economic,8281442.31,Some text
2018-02-13,economic,33123436.88,Some text
2018-02-14,economic,8286730.50,Some text
2018-02-20,economic,8293467.03,Some text
2018-02-22,economic,16598320.02,Some text
2018-02-26,economic,8298250.91,Some text
2018-03-01,economic,24905793.61,Some text
2018-03-02,economic,8367490.53,Some text
2018-03-03,economic,8366879.23,Some text
2018-03-05,economic,8392049.72,Some text
2018-03-06,economic,8399399.05,Some text
2018-03-07,economic,8416283.57,Some text
2018-03-09,economic,33837965.80,Some text
2018-03-13,economic,8467846.31,Some text
2018-03-14,economic,8504807.48,Some text
2018-03-15,economic,8504185.69,Some text
2018-03-16,economic,17145484.68,Some text
2018-03-20,economic,34296415.43,Some text
2018-03-21,economic,8572536.09,Some text
2018-03-22,economic,17175277.33,Some text
2018-03-23,economic,8624336.64,Some text
2018-03-27,economic,8659620.52,Some text
2018-04-03,economic,17421028.16,Some text
2018-04-04,economic,43833939.38,Some text
2018-04-05,economic,8791543.00,Some text
2018-04-10,economic,8790899.31,Some text
2018-04-13,economic,17601645.24,Some text
2018-04-16,economic,17708721.60,Some text
2018-04-20,economic,17720925.95,Some text
2018-04-23,economic,26587617.82,Some text
2018-04-24,economic,8865401.31,Some text
2018-04-25,economic,8864751.69,Some text
2018-04-30,economic,17727554.50,Some text
2018-05-02,economic,8889397.43,Some text
2018-05-03,economic,26730883.82,Some text
2018-05-08,economic,17873785.84,Some text
2018-05-09,economic,8935910.01,Some text
2018-05-10,economic,8946479.50,Some text
2018-05-14,economic,8945823.41,Some text
2018-05-16,economic,8994523.81,Some text
2018-05-17,economic,8996034.66,Some text
2018-05-18,economic,9003124.07,Some text
2018-05-24,economic,18037788.41,Some text
2018-05-29,economic,9019806.23,Some text
2018-05-30,economic,18394009.69,Some text
2018-05-31,economic,46480806.77,Some text
2018-06-05,economic,9341085.15,Some text
2018-06-06,economic,18711749.83,Some text
2018-06-13,economic,9493625.51,Some text
2018-06-14,economic,9492928.37,Some text
2018-06-15,economic,9492231.23,Some text
2018-06-19,economic,19002570.68,Some text
2018-06-20,economic,9528322.62,Some text
2018-06-21,economic,19054545.41,Some text
2018-06-25,economic,9526222.79,Some text
2018-06-26,economic,67011511.22,Some text
2018-06-29,economic,28894777.26,Some text
2018-07-02,economic,9637418.85,Some text
2018-07-05,economic,9668570.11,Some text
2018-07-09,economic,19335007.14,Some text
2018-07-11,economic,19332163.02,Some text
2018-07-12,economic,9665014.97,Some text
2018-07-13,economic,9689922.93,Some text
2018-07-16,economic,9689210.01,Some text
2018-07-23,economic,9688497.10,Some text
2018-07-24,economic,9687784.19,Some text
2018-07-27,economic,9687071.27,Some text
2018-07-31,economic,9686358.36,Some text
2018-08-01,economic,9685645.44,Some text
2018-08-02,economic,29172300.45,Some text
2018-08-03,economic,19469312.35,Some text
2018-08-09,economic,19515022.39,Some text
2018-08-14,economic,9756433.37,Some text
2018-08-15,economic,9755714.83,Some text
2018-08-27,economic,9754996.28,Some text
2018-08-28,economic,9754277.73,Some text
2018-08-31,economic,9753559.19,Some text
2018-09-03,economic,9803766.06,Some text
2018-09-06,economic,29467938.76,Some text
2018-09-07,economic,9831360.68,Some text
2018-09-12,economic,9872243.75,Some text
2018-09-17,economic,9871516.14,Some text
2018-09-21,economic,9899586.64,Some text
2018-09-24,economic,9898856.90,Some text
2018-09-26,economic,19795524.60,Some text
2018-09-28,economic,9896667.70,Some text
2018-10-01,economic,19841676.51,Some text
2018-10-09,economic,9919740.86,Some text
2018-10-17,economic,39685767.65,Some text
2018-10-19,economic,19928490.68,Some text
2018-10-24,economic,9963555.76,Some text
2018-10-26,economic,9962820.55,Some text
2018-10-29,economic,19958065.28,Some text
2018-10-30,economic,9995242.18,Some text
2018-10-31,economic,30104951.26,Some text
2018-11-05,economic,10054109.93,Some text
2018-11-07,economic,20105992.87,Some text
2018-11-09,economic,10051882.94,Some text
2018-11-12,economic,10067584.01,Some text
2018-11-15,economic,10066840.46,Some text
2018-11-19,economic,10066096.92,Some text
2018-11-22,economic,20175435.21,Some text
2018-11-26,economic,10086599.77,Some text
2018-11-27,economic,10094189.51,Some text
2018-11-29,economic,20230377.21,Some text
2018-12-07,economic,10136184.43,Some text
2018-12-10,economic,10135435.32,Some text
2018-12-11,economic,10145238.56,Some text
2018-12-12,economic,10157433.87,Some text
2018-12-18,economic,10156683.03,Some text
2018-12-19,economic,30465544.01,Some text
2018-12-20,economic,10153679.65,Some text
2018-12-21,economic,10152928.80,Some text
2018-12-24,economic,10152177.96,Some text
2019-01-01,economic,10151427.11,Some text
2019-01-08,economic,10150676.27,Some text
2019-01-09,economic,10149925.42,Some text
2019-01-14,economic,10149174.58,Some text
2019-01-17,economic,10164362.72,Some text
2019-01-21,economic,20334251.82,Some text
2019-01-25,economic,10178357.04,Some text
2019-01-30,economic,10177603.81,Some text
2019-01-31,economic,10176850.58,Some text
2019-02-04,economic,10176921.14,Some text
2019-02-05,economic,10176167.85,Some text
2019-02-07,economic,30544367.85,Some text
2019-02-08,economic,10179948.37,Some text
2019-02-11,economic,10179194.58,Some text
2019-02-12,economic,20356127.79,Some text
2019-02-14,economic,30553930.26,Some text
2019-02-15,economic,10200061.97,Some text
2019-02-19,economic,51038954.42,Some text
2019-02-26,economic,20423613.79,Some text
2019-03-01,economic,10367986.32,Some text
2019-03-04,economic,10377579.88,Some text
2019-03-05,economic,10376810.55,Some text
2019-03-06,economic,10376041.21,Some text
2019-03-07,economic,20787980.42,Some text
2019-03-11,economic,20831093.18,Some text
2019-03-18,economic,20887069.13,Some text
2019-03-20,economic,10445569.17,Some text
2019-03-21,economic,10444794.28,Some text
2019-03-25,economic,10444019.39,Some text
2019-03-27,economic,10461506.01,Some text
2019-03-28,economic,10465294.80,Some text
2019-03-29,economic,20928259.84,Some text
2019-04-02,economic,20944301.80,Some text
2019-04-04,economic,10480558.76,Some text
2019-04-10,economic,10479780.75,Some text
2019-04-11,economic,10496453.58,Some text
2019-04-12,economic,10495674.27,Some text
2019-04-16,economic,10499456.96,Some text
2019-04-17,economic,10498677.32,Some text
2019-04-18,economic,42150096.62,Some text
2019-04-23,economic,10543547.87,Some text
2019-04-29,economic,10577002.74,Some text
2019-05-02,economic,10576216.93,Some text
2019-05-07,economic,10575431.12,Some text
2019-05-10,economic,21228448.35,Some text
2019-05-15,economic,21249180.47,Some text
2019-05-17,economic,10629195.93,Some text
2019-05-24,economic,10628405.83,Some text
2019-05-28,economic,10627615.73,Some text
2019-06-03,economic,10642392.92,Some text
2019-06-06,economic,10641601.66,Some text
2019-06-07,economic,21312113.37,Some text
2019-06-12,economic,10665059.97,Some text
2019-06-17,economic,10664266.80,Some text
2019-06-20,economic,21344370.19,Some text
2019-06-21,economic,10694473.19,Some text
2019-06-25,economic,21407334.21,Some text
2019-06-27,economic,10715590.97,Some text
2019-06-28,economic,21428789.89,Some text
2019-07-03,economic,10728010.61,Some text
2019-07-08,economic,10745359.88,Some text
2019-07-16,economic,21515624.20,Some text
2019-07-18,economic,10756610.87,Some text
2019-07-26,economic,21510819.28,Some text
2019-07-29,economic,21710407.69,Some text
2019-07-30,economic,10871772.23,Some text
2019-07-31,economic,10870962.53,Some text
2019-08-08,economic,21739495.98,Some text
2019-08-14,economic,10919193.68,Some text
2019-08-16,economic,10941104.86,Some text
2019-08-20,economic,10944836.10,Some text
2019-08-21,economic,10944020.60,Some text
2019-08-28,economic,32860102.49,Some text
2019-09-09,economic,10979893.37,Some text
2019-09-10,economic,10979074.95,Some text
2019-09-11,economic,11027780.10,Some text
2019-09-12,economic,11026957.99,Some text
2019-09-16,economic,11026135.88,Some text
2019-09-19,economic,11088916.07,Some text
2019-09-26,economic,22175351.59,Some text
2019-10-01,economic,11097508.47,Some text
2019-10-07,economic,11096680.79,Some text
2019-10-09,economic,11099899.43,Some text
2019-10-14,economic,11099071.45,Some text
2019-10-15,economic,11098243.48,Some text
2019-10-21,economic,11122765.28,Some text
2019-10-22,economic,11135041.58,Some text
2019-10-31,economic,33523246.53,Some text
2019-11-01,economic,11204740.09,Some text
2019-11-04,economic,11252302.73,Some text
2019-11-06,economic,11259624.30,Some text
2019-11-08,economic,11258783.78,Some text
2019-11-12,economic,11257943.26,Some text
2019-11-22,economic,22540698.92,Some text
2019-11-29,economic,11274762.89,Some text
2019-12-03,economic,22710286.46,Some text
2019-12-04,economic,11361960.34,Some text
2019-12-06,economic,11361111.67,Some text
2019-12-16,economic,11360263.00,Some text
2019-12-18,economic,11386619.62,Some text
2019-12-19,economic,11385768.92,Some text
2020-01-08,economic,11423906.44,Some text
2020-01-13,economic,11423052.83,Some text
2020-01-16,economic,11422199.22,Some text
2020-02-05,economic,22916581.16,Some text
2020-02-11,economic,11473756.74,Some text
2020-02-13,economic,11542815.65,Some text
2020-02-17,economic,11541952.77,Some text
2020-02-18,economic,11554002.74,Some text
2020-02-19,economic,11553138.89,Some text
2020-02-21,economic,11552275.04,Some text
2020-02-27,economic,23136382.51,Some text
2020-02-28,economic,11584104.90,Some text
2020-03-06,economic,11590902.10,Some text
2020-03-11,economic,11590035.10,Some text
2020-03-12,economic,23181680.03,Some text
2020-03-13,economic,11598503.69,Some text
2020-03-17,economic,23196395.75,Some text
2020-03-20,economic,11706902.13,Some text
2020-03-26,economic,11706025.99,Some text
2020-03-27,economic,11705149.86,Some text
2020-03-30,economic,11741927.91,Some text
2020-03-31,economic,11749605.41,Some text
2020-04-07,economic,11782908.34,Some text
2020-04-22,economic,23637451.78,Some text
2020-04-27,economic,23650339.55,Some text
2020-05-01,economic,11839816.82,Some text
2020-05-05,economic,23730366.89,Some text
2020-05-06,economic,11879941.21,Some text
2020-05-09,economic,11879051.26,Some text
2020-05-14,economic,23755432.67,Some text
2020-05-19,economic,11876381.41,Some text
2020-05-22,economic,11902565.95,Some text
2020-05-27,economic,23847578.68,Some text
2020-05-28,economic,12036341.59,Some text
2020-06-01,economic,12063457.00,Some text
2020-06-03,economic,12062552.69,Some text
2020-06-04,economic,12068836.58,Some text
2020-06-16,economic,36444011.62,Some text
2020-06-17,economic,12185114.23,Some text
2020-06-19,economic,12225260.39,Some text
2020-06-22,economic,49087525.89,Some text
2020-06-23,economic,24592470.83,Some text
2020-06-25,economic,12326585.74,Some text
2020-07-01,economic,12325660.74,Some text
2020-07-06,economic,12329249.29,Some text
2020-07-13,economic,12337350.37,Some text
2020-07-15,economic,12336424.35,Some text
2020-07-16,economic,12376240.98,Some text
2020-07-21,economic,12375311.90,Some text
2020-07-22,economic,12383857.72,Some text
2020-07-23,economic,12382927.93,Some text
2020-07-24,economic,12395731.30,Some text
2020-07-29,economic,37186191.31,Some text
2020-07-30,economic,12435602.91,Some text
2020-08-05,economic,12465826.65,Some text
2020-08-06,economic,37529346.79,Some text
2020-08-13,economic,12557734.42,Some text
2020-08-17,economic,25115914.59,Some text
2020-08-28,economic,12597105.70,Some text
2020-08-31,economic,12611432.37,Some text
2020-09-02,economic,25278652.69,Some text
2020-09-07,economic,12685379.06,Some text
2020-09-14,economic,51234536.17,Some text
2020-09-16,economic,12916779.33,Some text
2020-09-21,economic,12915807.85,Some text
2020-09-22,economic,12935101.61,Some text
2020-09-25,economic,12934128.61,Some text
2020-09-30,economic,12933155.61,Some text
2020-10-05,economic,12933985.80,Some text
2020-10-07,economic,12949670.18,Some text
2020-10-15,economic,12956393.69,Some text
2020-10-19,economic,25909862.47,Some text
2020-10-22,economic,12957987.45,Some text
2020-10-28,economic,12957012.14,Some text
